{"cameraMode":{"drawMode":0,"name":"Shaded","section":"Shading Mode"},"sceneLighting":false,"audioPlay":false,"sceneViewState":{"m_AlwaysRefresh":false,"showFog":true,"showSkybox":false,"showFlares":true,"showImageEffects":true,"showParticleSystems":true,"showVisualEffectGraphs":true,"m_FxEnabled":true},"in2DMode":false,"pivot":{"x":0.8832134008407593,"y":1.2942121028900147,"z":0.7608623504638672},"rotation":{"x":-0.06663668155670166,"y":0.6961875557899475,"z":-0.06512665748596192,"w":-0.7118358612060547},"size":1.3974486589431763,"orthographic":false}