{"cameraMode":{"drawMode":0,"name":"Shaded","section":"Shading Mode"},"sceneLighting":false,"audioPlay":false,"sceneViewState":{"m_AlwaysRefresh":false,"showFog":false,"showSkybox":false,"showFlares":false,"showImageEffects":false,"showParticleSystems":false,"showVisualEffectGraphs":true,"m_FxEnabled":true},"in2DMode":false,"pivot":{"x":0.002682507038116455,"y":0.8591755628585815,"z":0.0034830868244171144},"rotation":{"x":-0.041277773678302768,"y":0.852828323841095,"z":-0.068208247423172,"w":-0.5160898566246033},"size":1.819841980934143,"orthographic":false}