{"cameraMode":{"drawMode":0,"name":"Shaded","section":"Shading Mode"},"sceneLighting":false,"audioPlay":false,"sceneViewState":{"m_AlwaysRefresh":false,"showFog":false,"showSkybox":false,"showFlares":false,"showImageEffects":false,"showParticleSystems":false,"showVisualEffectGraphs":true,"m_FxEnabled":true},"in2DMode":false,"pivot":{"x":-0.634852945804596,"y":0.09279103577136994,"z":-0.11393453180789948},"rotation":{"x":-0.23822030425071717,"y":0.7055683135986328,"z":-0.27676138281822207,"w":-0.6073148250579834},"size":1.1718467473983765,"orthographic":false}